<?xml version="1.0" encoding="UTF-8"?>

<Observation xmlns="http://hl7.org/fhir">
  <id value="ObservationPOC1.1"/>
  <text>
    <status value="generated"/><div xmlns="http://www.w3.org/1999/xhtml"><p><b>Generated Narrative: Observation</b></p><div style="display: inline-block; background-color: #d9e0e7; padding: 6px; margin: 4px; border: 1px solid #8da1b4; border-radius: 5px; line-height: 60%"><p style="margin-bottom: 0px">Resource Observation "ObservationPOC1.1" </p></div><p><b>identifier</b>: id: 1-1</p><p><b>status</b>: final</p><p><b>category</b>: Social History <span style="background: LightGoldenRodYellow; margin: 4px; border: 1px solid khaki"> (<a href="http://terminology.hl7.org/3.1.0/CodeSystem-observation-category.html">Observation Category Codes</a>#social-history)</span></p><p><b>code</b>: Pregnancy status - Reported <span style="background: LightGoldenRodYellow; margin: 4px; border: 1px solid khaki"> (<a href="https://loinc.org/">LOINC</a>#11449-6)</span></p><p><b>subject</b>: <a href="Patient/POC1">Patient/POC1</a></p><p><b>effective</b>: 2022-04-28</p><p><b>value</b>: Pregnancy(finding) <span style="background: LightGoldenRodYellow; margin: 4px; border: 1px solid khaki"> (<a href="https://browser.ihtsdotools.org/">SNOMED CT</a>#77386006)</span></p></div>
  </text>
  <identifier>
    <system value="https://jv.com/fhir/NamingSystem/observation-id"/>
    <value value="1-1"/>
  </identifier>
  <status value="final"/>
  <category>
    <coding>
      <system value="http://terminology.hl7.org/CodeSystem/observation-category"/>
      <code value="social-history"/>
      <display value="Social History"/>
    </coding>
  </category>
  <code>
    <coding>
      <system value="http://loinc.org"/>
      <code value="11449-6"/>
      <display value="Pregnancy status - Reported"/>
    </coding>
  </code>
  <subject>
    <reference value="Patient/POC1"/>
  </subject>
  <effectiveDateTime value="2022-04-28"/>
  <valueCodeableConcept>
    <coding>
      <system value="http://snomed.info/sct"/>
      <code value="77386006"/>
      <display value="Pregnancy(finding)"/>
    </coding>
  </valueCodeableConcept>
</Observation>