{
  "resourceType": "Observation",
  "id": "ObservationPOC1.2",
  "text": {
    "status": "generated",
    "div": "<div xmlns=\"http://www.w3.org/1999/xhtml\"><p><b>Generated Narrative: Observation</b></p><div style=\"display: inline-block; background-color: #d9e0e7; padding: 6px; margin: 4px; border: 1px solid #8da1b4; border-radius: 5px; line-height: 60%\"><p style=\"margin-bottom: 0px\">Resource Observation \"ObservationPOC1.2\" </p></div><p><b>identifier</b>: id: 1-2</p><p><b>status</b>: final</p><p><b>category</b>: Social History <span style=\"background: LightGoldenRodYellow; margin: 4px; border: 1px solid khaki\"> (<a href=\"http://terminology.hl7.org/3.1.0/CodeSystem-observation-category.html\">Observation Category Codes</a>#social-history)</span></p><p><b>code</b>: [#]Births.still living <span style=\"background: LightGoldenRodYellow; margin: 4px; border: 1px solid khaki\"> (<a href=\"https://loinc.org/\">LOINC</a>#11638-4)</span></p><p><b>subject</b>: <a href=\"Patient/POC1\">Patient/POC1</a></p><p><b>effective</b>: 2022-04-28</p><p><b>value</b>: 5</p></div>"
  },
  "identifier": [
    {
      "system": "https://jv.com/fhir/NamingSystem/observation-id",
      "value": "1-2"
    }
  ],
  "status": "final",
  "category": [
    {
      "coding": [
        {
          "system": "http://terminology.hl7.org/CodeSystem/observation-category",
          "code": "social-history",
          "display": "Social History"
        }
      ]
    }
  ],
  "code": {
    "coding": [
      {
        "system": "http://loinc.org",
        "code": "11638-4",
        "display": "[#]Births.still living"
      }
    ]
  },
  "subject": {
    "reference": "Patient/POC1"
  },
  "effectiveDateTime": "2022-04-28",
  "valueInteger": 5
}