{
  "resourceType": "Observation",
  "id": "ObservationPOC1.3",
  "text": {
    "status": "generated",
    "div": "<div xmlns=\"http://www.w3.org/1999/xhtml\"><p><b>Generated Narrative: Observation</b></p><div style=\"display: inline-block; background-color: #d9e0e7; padding: 6px; margin: 4px; border: 1px solid #8da1b4; border-radius: 5px; line-height: 60%\"><p style=\"margin-bottom: 0px\">Resource Observation \"ObservationPOC1.3\" </p></div><p><b>identifier</b>: id: 1-3</p><p><b>status</b>: final</p><p><b>category</b>: Social History <span style=\"background: LightGoldenRodYellow; margin: 4px; border: 1px solid khaki\"> (<a href=\"http://terminology.hl7.org/3.1.0/CodeSystem-observation-category.html\">Observation Category Codes</a>#social-history)</span></p><p><b>code</b>: Shares needles <span style=\"background: LightGoldenRodYellow; margin: 4px; border: 1px solid khaki\"> (<a href=\"https://browser.ihtsdotools.org/\">SNOMED CT</a>#228400001; <a href=\"https://browser.ihtsdotools.org/\">SNOMED CT</a>#226034001 \"Injecting drug user\")</span></p><p><b>subject</b>: <a href=\"Patient/POC1\">Patient/POC1</a></p><p><b>effective</b>: 2022-04-28</p><p><b>value</b>: Yes <span style=\"background: LightGoldenRodYellow; margin: 4px; border: 1px solid khaki\"> (<a href=\"https://browser.ihtsdotools.org/\">SNOMED CT</a>#373066001)</span></p></div>"
  },
  "identifier": [
    {
      "system": "https://jv.com/fhir/NamingSystem/observation-id",
      "value": "1-3"
    }
  ],
  "status": "final",
  "category": [
    {
      "coding": [
        {
          "system": "http://terminology.hl7.org/CodeSystem/observation-category",
          "code": "social-history",
          "display": "Social History"
        }
      ]
    }
  ],
  "code": {
    "coding": [
      {
        "system": "http://snomed.info/sct",
        "code": "228400001",
        "display": "Shares needles"
      },
      {
        "system": "http://snomed.info/sct",
        "code": "226034001",
        "display": "Injecting drug user"
      }
    ]
  },
  "subject": {
    "reference": "Patient/POC1"
  },
  "effectiveDateTime": "2022-04-28",
  "valueCodeableConcept": {
    "coding": [
      {
        "system": "http://snomed.info/sct",
        "code": "373066001",
        "display": "Yes"
      }
    ]
  }
}