[
  {
    "id": "upvhproject",
    "type": "ImplementationGuide",
    "url": "http://ehealth4hepatitis.ph/fhir/upvhproject/ImplementationGuide/upvhproject",
    "version": "0.1.0-test",
    "name": "upvhproject"
  },
  {
    "id": "ViralHepatitisCareFormModel",
    "type": "StructureDefinition",
    "url": "http://example.com/fhir/example/StructureDefinition/ViralHepatitisCareFormModel",
    "version": "0.1.0-test",
    "name": "ViralHepatitisCareFormModel"
  },
  {
    "id": "ViralHepatitisCaseReportFormModel",
    "type": "StructureDefinition",
    "url": "http://example.com/fhir/example/StructureDefinition/ViralHepatitisCaseReportFormModel",
    "version": "0.1.0-test",
    "name": "ViralHepatitisCaseReportFormModel"
  }
]