<?xml version="1.0" encoding="UTF-8"?>

<Condition xmlns="http://hl7.org/fhir">
  <id value="ConditionPOC1.2"/>
  <text>
    <status value="generated"/><div xmlns="http://www.w3.org/1999/xhtml"><p><b>Generated Narrative: Condition</b></p><div style="display: inline-block; background-color: #d9e0e7; padding: 6px; margin: 4px; border: 1px solid #8da1b4; border-radius: 5px; line-height: 60%"><p style="margin-bottom: 0px">Resource Condition "ConditionPOC1.2" </p></div><p><b>identifier</b>: id: 1-2</p><p><b>code</b>: Hepatitis C antibody test positive <span style="background: LightGoldenRodYellow; margin: 4px; border: 1px solid khaki"> (www.snomed.org#314706002)</span></p><p><b>subject</b>: <a href="Patient/POC1">Patient/POC1</a></p><p><b>encounter</b>: <a href="Encounter/POC1">Encounter/POC1</a></p><p><b>onset</b>: 2022-04-26</p></div>
  </text>
  <identifier>
    <system value="https://jv.com/fhir/NamingSystem/condition-id"/>
    <value value="1-2"/>
  </identifier>
  <code>
    <coding>
      <system value="https://www.snomed.org"/>
      <code value="314706002"/>
      <display value="Hepatitis C antibody test positive"/>
    </coding>
  </code>
  <subject>
    <reference value="Patient/POC1"/>
  </subject>
  <encounter>
    <reference value="Encounter/POC1"/>
  </encounter>
  <onsetDateTime value="2022-04-26"/>
</Condition>